번호	파일명	캐릭터	화면	내용	원래 업로드 파일명
001	001_zad_passive.jpg	자드	고유패시브 팝업	관능의 아라베스크 Lv5 (별 5/6)	e70e95c5-image.jpg
002	002_zad_passive.jpg	자드	고유패시브 팝업	관능의 아라베스크 Lv6 (별 6/6)	83628b03-image.jpg
003	003_zad_manifest.jpg	자드	발현 트리	관능의 아라베스크 5 · 아브라소 1 · 발현 5단 상세	53491849-image.jpg
004	004_zad_manifest.jpg	자드	발현 트리	관능의 아라베스크 6 · 아브라소 2	b9524cc1-image.jpg
005	005_zad_manifest.jpg	자드	발현 트리	관능의 아라베스크 7 · 아브라소 3 · 발현 6단	d01576d2-image.jpg
006	006_zad_class.jpg	자드	클래스 탭	로그 선택 · 치명1 툴팁 · 스탯 9103→7614 / 3790→3546	db9a432f-image.jpg
007	007_zad_class.jpg	자드	클래스 탭	씨프 · 잠행1 툴팁 · 스탯 9103→7827 / 3790	d6a97520-image.jpg
008	008_zad_class.jpg	자드	클래스 탭	씨프 · 잠행2 툴팁	28b1572a-image.jpg
009	009_zad_class.jpg	자드	클래스 탭	섀도우댄서 · 칼날무희1 툴팁 · 스탯 9103→8040 / 3790→4034	35e6a2b3-image.jpg
010	010_zad_class.jpg	자드	클래스 탭	카덴차 · 매혹의 템포1 툴팁 · 스탯 9103→8465 / 3790→3627	08f6cd41-image.jpg
011	011_zad_class.jpg	자드	클래스 탭	로그 · 치명2 툴팁	22841a19-image.jpg
012	012_zad_class.jpg	자드	클래스 탭	프리마 · 황홀한 무보2 + 우아한 리듬2/치명적인 비트2/철수	010b3fc5-image.jpg
013	013_zad_class.jpg	자드	클래스 탭	프리마 · 황홀한 무보1 + 우아한 리듬1/치명적인 비트1/철수	ec2d2458-image.jpg
014	014_zad_class.jpg	자드	클래스 탭	얀크 · 공진1 + 파쇄 공진1/합격 공진1 · 스탯 9103→8465 / 3790→3952	5e1c2173-image.jpg
015	015_zad_class.jpg	자드	클래스 탭	얀크 · 공진2 + 파쇄 공진2/합격 공진2	1525baae-image.jpg
016	016_zad_class.jpg	자드	클래스 탭	프리마 · 황홀한 무보2 (012와 거의 동일)	9b978b71-image.jpg
017	017_zad_class.jpg	자드	클래스 탭	카덴차 · 매혹의 템포2 툴팁	930e3dae-image.jpg
018	018_zad_class.jpg	자드	클래스 탭	섀도우댄서 · 칼날무희2 툴팁	3b5b44cb-image.jpg
019	019_zad_class.jpg	자드	클래스 탭	★로그 계열 트리 전체 (툴팁 없음) · 엠블럼 크롭 원본	5daae17c-image.jpg
020	020_zad_class.jpg	자드	클래스 탭	얀크 · 명왕성(액티브) + 호신 투기 툴팁	6df5c235-image.jpg
021	021_zad_class.jpg	자드	클래스 탭	로그 · 은신(액티브) 툴팁	21083f1b-image.jpg
022	022_zad_class.jpg	자드	클래스 탭	로그 · 연참(액티브) 툴팁	ed2a95f5-image.jpg
023	023_zad_class.jpg	자드	클래스 탭	씨프 · 자도섬(액티브) 툴팁	dc89cbad-image.jpg
024	024_zad_class.jpg	자드	클래스 탭	카덴차 · 키스 오브 미라주(액티브) 툴팁	4d295b58-image.jpg
025	025_zad_class.jpg	자드	클래스 탭	로그 · 암영섬(액티브) 툴팁	aba003dd-image.jpg
026	026_zad_class.jpg	자드	클래스 탭	프리마 · 풍사륜(액티브) 툴팁	607d802f-image.jpg
027	027_zad_class.jpg	자드	클래스 탭	섀도우댄서 · 사룡참파(액티브) + 탈진 툴팁	8280da5b-image.jpg
028	028_zad_weapon-awaken.jpg	자드	전용무기 각성	라 사바흐 ★1 · 고고한 에투알1 / 새벽의 빛1	f41b13ac-image.jpg
029	029_zad_weapon-awaken.jpg	자드	전용무기 각성	라 사바흐 ★2	befb07f6-image.jpg
030	030_zad_weapon-awaken.jpg	자드	전용무기 각성	라 사바흐 ★5	f0bf98c2-image.jpg
031	031_zad_weapon-awaken.jpg	자드	전용무기 각성	라 사바흐 ★6 (상단)	3e12da16-image.jpg
032	032_zad_weapon-awaken.jpg	자드	전용무기 각성	라 사바흐 ★4 (상단)	c454f833-image.jpg
033	033_zad_weapon-awaken.jpg	자드	전용무기 각성	라 사바흐 ★3 (상단)	49363f9d-image.jpg
034	034_zad_weapon-awaken.jpg	자드	전용무기 각성	라 사바흐 ★6 하단 · 최대 체력 122 / 공격력 399	e37ef0c8-image.jpg
035	035_zad_weapon-awaken.jpg	자드	전용무기 각성	라 사바흐 ★1 하단 · 116 / 381	465198af-image.jpg
036	036_zad_weapon-awaken.jpg	자드	전용무기 각성	라 사바흐 ★5 하단 · 121 / 395	851eccb7-image.jpg
037	037_zad_weapon.jpg	자드	장비 탭	★라 사바흐 상세(특화 옵션·설명문) + 장비 슬롯 · 무기 일러스트 크롭 원본	8bd1e183-image.jpg
038	038_zad_weapon-awaken.jpg	자드	전용무기 각성	라 사바흐 ★3 하단 · 118 / 388	95bfaf2c-image.jpg
039	039_zad_weapon-awaken.jpg	자드	전용무기 각성	라 사바흐 ★4 하단 · 120 / 392	7ead8b62-image.jpg
040	040_zad_weapon-awaken.jpg	자드	전용무기 각성	라 사바흐 ★2 하단 · 117 / 384	9a0b9140-image.jpg
041	041_zad_passive.jpg	자드	고유패시브 팝업	관능의 아라베스크 Lv3	68efa7a8-image.jpg
042	042_zad_passive.jpg	자드	고유패시브 팝업	관능의 아라베스크 Lv4	d3934078-image.jpg
043	043_zad_passive.jpg	자드	고유패시브 팝업	관능의 아라베스크 Lv6 (본문 스크롤)	6edde076-image.jpg
044	044_zad_manifest.jpg	자드	발현 트리	메테오 스트라이크 발현 2단 (90%/160%)	bd7eb05d-image.jpg
045	045_zad_manifest.jpg	자드	발현 트리	관능의 아라베스크 발현 6단 (공 50%/체 30%)	6117662f-image.jpg
046	046_zad_manifest.jpg	자드	발현 트리	관능의 아라베스크 발현 4단 (공 40%/체 20%)	96eadd1a-image.jpg
047	047_zad_info.jpg	자드	정보 탭	★전신 일러스트 + 전체 스탯 · 전투력 8829 / 체 9103 / 공 3790 / 주문 444 / 방어 1061 / 저항 975	84492881-image.jpg
048	048_zad_profile.jpg	자드	캐릭터 정보	★프로필(Zard) · 에스겔력 1256년 · 165cm · CV 이주은 · 소개문 · 초상화 크롭 원본	545841f7-image.jpg
049	049_zad_manifest.jpg	자드	발현 트리	메테오 스트라이크 발현 3단 (80%/150%)	71080ab4-image.jpg
050	050_zad_passive.jpg	자드	고유패시브 팝업	관능의 아라베스크 Lv5 (본문 스크롤)	3c6727a9-image.jpg
051	051_zad_skill.jpg	자드	스킬 탭	메테오 스트라이크(초필살기) 툴팁 + 멍해짐 · TP5 / 쿨 5턴	72dff538-image.jpg
052	052_zad_manifest.jpg	자드	발현 트리	관능의 아라베스크 발현 2단 (공 30%/체 10%)	7ba9dd64-image.jpg
053	053_zad_skill.jpg	자드	스킬 탭	★보유 스킬 전체 아이콘(액티브3+초필살기+패시브2) · 스킬 아이콘 크롭 원본	e867a801-image.jpg
054	054_zad_manifest.jpg	자드	발현 트리	메테오 스트라이크 발현 1단 (70%/140%)	ca320f02-image.jpg
055	055_zad_bond.jpg	자드	인연	자드 카드 + 소개문 (전설 91/123)	946b47e6-image.jpg
056	056_zad_artifact.jpg	자드	아티팩트	암살자의 인장 ★1 (영웅)	06ff512d-image.jpg
057	057_zad_artifact.jpg	자드	아티팩트	난투가의 너클 ★2	1c7d0746-image.jpg
058	058_zad_passive.jpg	자드	고유패시브 팝업	관능의 아라베스크 Lv5 (상단 · 공격력 20%)	b7d521b0-image.jpg
059	059_zad_artifact.jpg	자드	아티팩트	난투가의 너클 ★1	ef436fc7-image.jpg
060	060_zad_artifact.jpg	자드	아티팩트	난투가의 너클 ★4	bcd36f40-image.jpg
061	061_zad_artifact.jpg	자드	아티팩트	황금 앵클릿 ★1	cd4b31c1-image.jpg
062	062_zad_artifact.jpg	자드	아티팩트	황금 앵클릿 ★4	24ad3979-image.jpg
063	063_zad_artifact.jpg	자드	아티팩트	암살자의 인장 ★4	c8fc8aec-image.jpg
064	064_zad_artifact.jpg	자드	아티팩트	암살자의 인장 ★2	b58fd664-image.jpg
065	065_zad_passive.jpg	자드	고유패시브 팝업	관능의 아라베스크 Lv6 (상단 · 공격력 25%)	a7e0fcfc-image.jpg
066	066_zad_artifact.jpg	자드	아티팩트	황금 앵클릿 ★2	5c27f248-image.jpg
067	067_zad_artifact.jpg	자드	아티팩트	암살자의 인장 ★3	8922674c-image.jpg
068	068_zad_artifact.jpg	자드	아티팩트	난투가의 너클 ★3	d02e4902-image.jpg
069	069_zad_artifact.jpg	자드	아티팩트	황금 앵클릿 ★3	7d96da7c-image.jpg
070	070_common_manifest.jpg	공통	발현 트리	★★발현 트리 전체 구조(툴팁 없음) · 초필살기/능력치 강화/고유 스킬/아티팩트 아이콘 크롭 원본	40ae1db5-image.jpg
071	071_common_manifest.jpg	공통	발현 트리	발현 트리 전체 구조 2~6단 (스크롤 상태)	48fd92c0-image.jpg
072	072_iolin_passive.jpg	이올린	고유패시브 팝업	복수의 여신 Lv6 (상단 · 적 2명 / 3턴 / 복수 4)	6d6927bb-image.jpg
073	073_iolin_passive.jpg	이올린	고유패시브 팝업	복수의 여신 Lv4 (적 1명 / 2턴 / 복수 2 / 추가행동 80%)	5e3635ad-image.jpg
074	074_iolin_passive.jpg	이올린	고유패시브 팝업	복수의 여신 Lv5 (하단 · 복수 3 / 꺼지지 않는 증오심 / 증오)	914db8c1-image.jpg
075	075_iolin_passive.jpg	이올린	고유패시브 팝업	복수의 여신 Lv5 (074와 동일)	9692c071-image.jpg
076	076_iolin_passive.jpg	이올린	고유패시브 팝업	복수의 여신 Lv6 (하단 · 복수 4 / 증오)	2791d201-image.jpg
077	077_iolin_passive.jpg	이올린	고유패시브 팝업	복수의 여신 Lv3 (복수 1 / 추가행동 60%)	76808a4a-image.jpg
078	078_iolin_class.jpg	이올린	클래스 탭	파이터 · 공세2 툴팁 · 스탯 3427 / 1895	8e380643-image.jpg
079	079_iolin_profile.jpg	이올린	캐릭터 정보	★프로필(Iyolin Pandragon) · 에스겔력 1184년 · 166cm · CV 원에스더 · 초상화 크롭 원본	29d2d8e6-image.jpg
080	080_iolin_manifest.jpg	이올린	발현 트리	복수의 여신 발현 4단 (미해금 · 이전 단계 복수 5 / 4턴)	95eb1b65-image.jpg
081	081_iolin_manifest.jpg	이올린	발현 트리	복수의 여신 발현 4단 (복수 6 · 적 3명 / 4턴 / 피해 40% 감소)	6d08cc41-image.jpg
082	082_iolin_passive.jpg	이올린	고유패시브 팝업	복수의 여신 Lv4 (하단 · 복수 2 / 증오)	4d8c118e-image.jpg
083	083_iolin_class.jpg	이올린	클래스 탭	★파이터 계열 트리 전체(툴팁 없음) · 엠블럼 크롭 원본 · 스탯 3427 / 1895	90de5046-image.jpg
084	084_iolin_class.jpg	이올린	클래스 탭	파이터 · 공세1 툴팁	51987a61-image.jpg
085	085_iolin_manifest.jpg	이올린	발현 트리	복수의 여신 발현 2단 (복수 5 · 적 2명 / 4턴 / 30% 감소)	d365c86b-image.jpg
086	086_iolin_passive.jpg	이올린	고유패시브 팝업	복수의 여신 Lv3 (하단 · 복수 1 / 증오)	2b4b70d1-image.jpg
087	087_iolin_manifest.jpg	이올린	발현 트리	복수의 여신 발현 6단 (복수 7 · 적 3명 / 50% 감소) · 선행 조건 미충족	a5e0be22-image.jpg
088	088_iolin_class.jpg	이올린	클래스 탭	파이터 · 무쌍관파(액티브) 툴팁	5ae197b8-image.jpg
089	089_iolin_class.jpg	이올린	클래스 탭	로얄나이트 · 원섬파(액티브) + 기절 · 스탯 3792→4035 / 1938→1982	12fef1a6-image.jpg
090	090_iolin_class.jpg	이올린	클래스 탭	로얄나이트 · 격려1 툴팁	51d2be33-image.jpg
091	091_iolin_class.jpg	이올린	클래스 탭	소드마스터 · 공아섬(액티브) + 질풍 · 스탯 3792→3914 / 1938→2069	e202affe-image.jpg
092	092_iolin_artifact.jpg	이올린	아티팩트	속성 과부하 ★1 (영웅)	d57eb3e4-image.jpg
093	093_iolin_class.jpg	이올린	클래스 탭	아크나이트 · 회륜섬(액티브) 툴팁	a5ef19c9-image.jpg
094	094_iolin_class.jpg	이올린	클래스 탭	아크나이트 · 억제1 + 억제 디버프 툴팁	1ec46d12-image.jpg
095	095_iolin_class.jpg	이올린	클래스 탭	소드맨 · 단월섬(액티브) 툴팁 · 스탯 3792→3670 / 1938→1982	4e2343ab-image.jpg
096	096_iolin_class.jpg	이올린	클래스 탭	로얄나이트 · 격려2 툴팁	55885efd-image.jpg
097	097_iolin_class.jpg	이올린	클래스 탭	아크나이트 · 억제2 툴팁	e556c125-image.jpg
098	098_iolin_class.jpg	이올린	클래스 탭	파이터 · 연섬(액티브) 툴팁	3ca3218a-image.jpg
099	099_iolin_class.jpg	이올린	클래스 탭	나이트 · 고양2 툴팁	e4d621da-image.jpg
100	100_iolin_class.jpg	이올린	클래스 탭	파이터 · 공세2 툴팁 (078과 유사)	bea747b6-image.jpg
101	101_iolin_class.jpg	이올린	클래스 탭	파이터 · 질주(액티브) 툴팁	ff56ee82-image.jpg
102	102_iolin_class.jpg	이올린	클래스 탭	나이트 · 활기의 함성(액티브) + 활기 툴팁	fde29a0f-image.jpg
103	103_iolin_class.jpg	이올린	클래스 탭	나이트 · 고양1 툴팁	088a9e1c-image.jpg
104	104_iolin_artifact.jpg	이올린	아티팩트	최상의 상태 ★4	2f18f3b1-image.jpg
105	105_iolin_artifact.jpg	이올린	아티팩트	최상의 상태 ★3	2b503c3a-image.jpg
106	106_iolin_artifact.jpg	이올린	아티팩트	속성 과부하 ★2	ccce051f-image.jpg
107	107_iolin_artifact.jpg	이올린	아티팩트	바람 걸음 ★3	903ddefb-image.jpg
108	108_iolin_artifact.jpg	이올린	아티팩트	바람 걸음 ★2	d412a610-image.jpg
109	109_iolin_artifact.jpg	이올린	아티팩트	바람 걸음 ★4	4bdd4de3-image.jpg
110	110_iolin_artifact.jpg	이올린	아티팩트	최상의 상태 ★2	12a713e3-image.jpg
111	111_iolin_artifact.jpg	이올린	아티팩트	속성 과부하 ★4	3a5d6a32-image.jpg
112	112_iolin_artifact.jpg	이올린	아티팩트	속성 과부하 ★3	13c407bf-image.jpg
113	113_iolin_manifest.jpg	이올린	발현 트리	블리자드 스톰 발현 5단 (145%) + 냉기 둔화 / 빙결 툴팁 · 이전 단계 140%	1ec610f6-image.jpg
114	114_iolin_class.jpg	이올린	클래스 탭	소드맨 · 우세1 툴팁	a72d0598-image.jpg
115	115_iolin_manifest.jpg	이올린	발현 트리	복수의 여신 발현 2단 + 복수 5 / 꺼지지 않는 증오심 / 증오 툴팁	a03e3805-image.jpg
116	116_iolin_artifact.jpg	이올린	아티팩트	바람 걸음 ★1	58b81155-image.jpg
117	117_iolin_artifact.jpg	이올린	아티팩트	최상의 상태 ★1	935714cd-image.jpg
118	118_iolin_class.jpg	이올린	클래스 탭	소드마스터 · 검술의 달인2 툴팁	493652fc-image.jpg
119	119_misc_roster.jpg	기타	캐릭터 업적	신념의 빛[백] 캐릭터 목록 134/143 (썸네일 다수)	83673986-image.jpg
120	120_iolin_class.jpg	이올린	클래스 탭	소드마스터 · 검술의 달인1 툴팁	8f6a6004-image.jpg
121	121_iolin_manifest.jpg	이올린	발현 트리	복수의 여신 발현 4단 + 복수 6 / 증오 툴팁	4e7a6b17-image.jpg
122	122_iolin_manifest.jpg	이올린	발현 트리	복수의 여신 발현 6단 + 복수 7(영구) / 증오 툴팁	f7b16106-image.jpg
123	123_iolin_class.jpg	이올린	클래스 탭	소드맨 · 우세2 툴팁	bf0cc06a-image.jpg
124	124_iolin_weapon-awaken.jpg	이올린	전용무기 각성	엑스칼리버 ★6 상단 · 공격력 +20% · 찬란한 성검 폭발 6 / 성검 폭발 6	1073e4a9-image.jpg
125	125_iolin_weapon-awaken.jpg	이올린	전용무기 각성	엑스칼리버 ★3 상단 · 공격력 +17%	26cb054a-image.jpg
126	126_iolin_weapon-awaken.jpg	이올린	전용무기 각성	엑스칼리버 ★2 상단 · 공격력 +16%	07948dac-image.jpg
127	127_iolin_weapon-awaken.jpg	이올린	전용무기 각성	엑스칼리버 ★6 하단 · 최대 체력 136 / 공격력 360	8665334c-image.jpg
128	128_iolin_weapon-awaken.jpg	이올린	전용무기 각성	엑스칼리버 ★4 하단 · 134 / 353	4e399566-image.jpg
129	129_iolin_weapon-awaken.jpg	이올린	전용무기 각성	엑스칼리버 ★2 하단 · 131 / 345	ef9810aa-image.jpg
130	130_iolin_weapon-awaken.jpg	이올린	전용무기 각성	엑스칼리버 ★1 상단 · 공격력 +15%	ad5fd369-image.jpg
131	131_iolin_weapon-awaken.jpg	이올린	전용무기 각성	엑스칼리버 ★5 상단 · 공격력 +19% · 성검 폭발 5 (28% / 13%)	6235fff1-image.jpg
132	132_iolin_weapon-awaken.jpg	이올린	전용무기 각성	엑스칼리버 ★3 하단 · 132 / 349	1ea67f82-image.jpg
133	133_iolin_weapon-awaken.jpg	이올린	전용무기 각성	엑스칼리버 ★5 하단 · 135 / 356	4230388d-image.jpg
134	134_iolin_weapon-awaken.jpg	이올린	전용무기 각성	엑스칼리버 ★4 상단 · 공격력 +18%	cc6e66d1-image.jpg
135	135_iolin_weapon-awaken.jpg	이올린	전용무기 각성	엑스칼리버 ★1 하단 · 130 / 342	3e1c18c1-image.jpg
136	136_iolin_weapon.jpg	이올린	장비 탭	★엑스칼리버 상세(특화 옵션·설명문) + 장비 슬롯 · 무기 아이콘/일러스트 크롭 원본	5fdf6371-image.jpg
137	137_iolin_skill.jpg	이올린	스킬 탭	블리자드 스톰(초필살기) 툴팁 + 냉기 둔화 / 빙결 · TP5 / 쿨 5턴 / 135%	acbc1182-image.jpg
138	138_iolin_skill.jpg	이올린	스킬 탭	★보유 스킬 전체 아이콘(액티브3+초필살기+패시브2) · 큰 아이콘 크롭 원본	615c85be-image.jpg
139	139_iolin_class.jpg	이올린	클래스 탭	파이터 · 무쌍관파 (재촬영 · 스탯 3914→3427 / 2069→1895)	56497f34-image.jpg
140	140_iolin_class.jpg	이올린	클래스 탭	파이터 · 연섬 (재촬영)	e9663244-image.jpg
141	141_iolin_class.jpg	이올린	클래스 탭	파이터 · 질주 (재촬영)	46c48dab-image.jpg
